,Location,Year,Location ISO,Recent Conflict
0,Haiti,1991,HTI,1
1,Haiti,1993,HTI,2
2,Haiti,1994,HTI,3
3,Haiti,2005,HTI,1
4,Mexico,2014,MEX,5
5,Guatemala,1989,GTM,5
6,Guatemala,1990,GTM,5
7,Guatemala,1991,GTM,5
8,Guatemala,1992,GTM,5
9,Guatemala,1993,GTM,5
10,Guatemala,1994,GTM,5
11,Guatemala,1995,GTM,5
12,Colombia,1990,COL,5
13,Colombia,1991,COL,5
28,Brazil,1993,BRA,0
29,Brazil,2005,BRA,4
30,Croatia,1993,HRV,1
44,Mali,1990,MLI,1
45,Mali,1991,MLI,1
46,Mali,1992,MLI,2
47,Mali,1994,MLI,3
48,Senegal,1998,SEN,3
50,Niger,1990,NER,1
51,Niger,1995,NER,4
52,Niger,1998,NER,3
58,Guinea,2007,GIN,0
59,Guinea,2009,GIN,1
60,Liberia,1990,LBR,1
61,Liberia,1999,LBR,3
62,Liberia,2000,LBR,3
63,Liberia,2001,LBR,3
64,Liberia,2002,LBR,3
65,Liberia,2003,LBR,4
66,Sierra Leone,1991,SLE,0
67,Sierra Leone,1994,SLE,3
68,Sierra Leone,1997,SLE,5
69,Sierra Leone,1998,SLE,5
70,Sierra Leone,1999,SLE,5
71,Togo,1991,TGO,1
72,Togo,1993,TGO,1
73,Togo,2005,TGO,0
75,Nigeria,1990,NGA,0
76,Nigeria,1994,NGA,4
77,Nigeria,1998,NGA,4
79,Nigeria,2001,NGA,5
80,Nigeria,2002,NGA,5
81,Nigeria,2003,NGA,5
82,Nigeria,2004,NGA,5
83,Nigeria,2008,NGA,5
84,Nigeria,2011,NGA,5
85,Nigeria,2012,NGA,5
86,Nigeria,2014,NGA,5
87,Nigeria,2015,NGA,5
89,Central African Republic,2006,CAF,2
90,Central African Republic,2007,CAF,2
91,Central African Republic,2013,CAF,5
93,Chad,1991,TCD,4
94,Chad,1992,TCD,4
95,Chad,1993,TCD,4
96,Chad,1994,TCD,5
97,Chad,1995,TCD,5
98,Chad,1998,TCD,4
99,Congo,1993,COG,0
100,Congo,1997,COG,1
101,Congo,1998,COG,2
102,Congo,1999,COG,2
122,Uganda,1990,UGA,5
123,Uganda,1991,UGA,5
125,Kenya,2007,KEN,3
126,Kenya,2008,KEN,4
128,Burundi,1995,BDI,3
129,Burundi,1996,BDI,4
130,Burundi,1997,BDI,4
131,Burundi,1998,BDI,4
132,Burundi,1999,BDI,5
133,Burundi,2000,BDI,5
134,Burundi,2002,BDI,5
135,Burundi,2003,BDI,5
136,Burundi,2004,BDI,5
137,Burundi,2005,BDI,5
138,Burundi,2015,BDI,0
139,Rwanda,1990,RWA,0
140,Rwanda,1991,RWA,1
141,Rwanda,1992,RWA,2
142,Rwanda,1993,RWA,3
146,Rwanda,1997,RWA,5
148,Somalia,1989,SOM,4
149,Somalia,1991,SOM,5
150,Somalia,2011,SOM,5
151,Somalia,2012,SOM,5
152,Ethiopia,1989,ETH,5
153,Ethiopia,1990,ETH,5
154,Ethiopia,1991,ETH,5
155,Ethiopia,1993,ETH,5
156,Ethiopia,2002,ETH,4
157,Ethiopia,2003,ETH,5
158,Ethiopia,2004,ETH,5
162,Ethiopia,2012,ETH,5
164,Angola,1997,AGO,5
165,Angola,1998,AGO,5
166,Angola,2003,AGO,5
170,South Africa,1991,ZAF,5
171,South Africa,1992,ZAF,5
172,South Africa,1993,ZAF,5
174,Niger,1989,NER,0
175,Libya,2011,LBY,0
176,Sudan,1989,SDN,5
177,Sudan,1990,SDN,5
178,Sudan,1991,SDN,5
179,Sudan,1992,SDN,5
180,Sudan,1993,SDN,5
181,Sudan,1994,SDN,5
182,Sudan,1995,SDN,5
183,Sudan,1996,SDN,5
184,Sudan,1997,SDN,5
185,Sudan,1998,SDN,5
186,Sudan,1999,SDN,5
187,Sudan,2000,SDN,5
188,Sudan,2001,SDN,5
189,Sudan,2002,SDN,5
190,Sudan,2003,SDN,5
191,Sudan,2004,SDN,5
194,Sudan,2007,SDN,5
195,Sudan,2008,SDN,5
196,Sudan,2011,SDN,5
199,Sudan,2014,SDN,5
200,Sudan,2015,SDN,5
201,South Sudan,2012,SSD,1
202,South Sudan,2013,SSD,2
203,South Sudan,2014,SSD,3
204,South Sudan,2015,SSD,4
208,Iraq,1993,IRQ,5
210,Iraq,1995,IRQ,5
212,Iraq,1999,IRQ,5
213,Iraq,2005,IRQ,4
214,Iraq,2006,IRQ,4
215,Iraq,2007,IRQ,5
216,Iraq,2015,IRQ,5
217,Egypt,2005,EGY,1
223,Israel,1989,ISR,5
224,Lebanon,1996,LBN,4
225,Israel,2004,ISR,5
226,Israel,2005,ISR,5
229,Bahrain,2011,BHR,0
230,Afghanistan,1993,AFG,5
231,Afghanistan,1997,AFG,5
232,Afghanistan,1998,AFG,5
233,Afghanistan,1999,AFG,5
234,Afghanistan,2000,AFG,5
235,Afghanistan,2001,AFG,5
236,Tajikistan,1992,TJK,0
237,China,1989,CHN,4
238,China,2008,CHN,0
240,India,1993,IND,5
241,India,2002,IND,5
242,Bangladesh,1992,BGD,5
266,Sri Lanka,1989,LKA,5
267,Sri Lanka,1990,LKA,5
268,Sri Lanka,1991,LKA,5
269,Sri Lanka,1992,LKA,5
270,Sri Lanka,1996,LKA,5
271,Sri Lanka,2006,LKA,4
272,Nepal,1996,NPL,1
273,Nepal,1998,NPL,2
274,Nepal,1999,NPL,3
275,Nepal,2000,NPL,4
276,Nepal,2001,NPL,5
277,Nepal,2002,NPL,5
278,Nepal,2003,NPL,5
279,Nepal,2004,NPL,5
280,Nepal,2005,NPL,5
281,Nepal,2006,NPL,5
284,Philippines,1990,PHL,5
285,Philippines,1991,PHL,5
286,Indonesia,1990,IDN,4
287,Indonesia,1991,IDN,4
288,Indonesia,1995,IDN,3
289,Indonesia,1997,IDN,2
290,Indonesia,1998,IDN,2
291,Indonesia,1999,IDN,3
292,Indonesia,2000,IDN,4
293,Indonesia,2001,IDN,4
294,Indonesia,2002,IDN,5
295,Indonesia,2003,IDN,5
296,Papua New Guinea,1992,PNG,1
297,Papua New Guinea,1996,PNG,4
298,Philippines,2015,PHL,5
299,India,1990,IND,5
300,India,1992,IND,5
301,India,1999,IND,5
302,India,2000,IND,5
303,India,2005,IND,5
304,India,2006,IND,5
305,India,2007,IND,5
306,India,2008,IND,5
307,India,2009,IND,5
308,India,2010,IND,5
309,India,2011,IND,5
310,India,2012,IND,5
311,India,2013,IND,5
312,India,2014,IND,5
313,India,2015,IND,5
314,Israel,2001,ISR,5
315,Israel,2002,ISR,5
317,Israel,1994,ISR,5
318,Israel,1996,ISR,5
321,Israel,2003,ISR,5
325,India,1989,IND,5
327,India,1994,IND,5
328,India,1995,IND,5
329,India,1996,IND,5
332,Iraq,2004,IRQ,4
338,Iraq,2008,IRQ,5
339,Iraq,2009,IRQ,5
340,Iraq,2010,IRQ,5
341,Iraq,2011,IRQ,5
342,Iraq,2012,IRQ,5
362,Philippines,2000,PHL,5
363,Philippines,2003,PHL,5
364,Philippines,2008,PHL,5
365,Philippines,1995,PHL,5
366,Philippines,2001,PHL,5
367,Philippines,2002,PHL,5
368,Philippines,2004,PHL,5
369,Philippines,2010,PHL,5
371,Bangladesh,1989,BGD,5
372,Bangladesh,1990,BGD,5
373,Bangladesh,1991,BGD,5
375,Bangladesh,1996,BGD,4
376,Pakistan,2010,PAK,5
377,Afghanistan,1996,AFG,5
378,Afghanistan,2004,AFG,5
380,Afghanistan,2006,AFG,5
381,Afghanistan,2007,AFG,5
382,Afghanistan,2008,AFG,5
383,Afghanistan,2009,AFG,5
384,Afghanistan,2010,AFG,5
385,Afghanistan,2011,AFG,5
386,Afghanistan,2012,AFG,5
387,Afghanistan,2013,AFG,5
388,Afghanistan,2014,AFG,5
389,Afghanistan,2015,AFG,5
392,India,1997,IND,5
393,India,1998,IND,5
394,India,2003,IND,5
413,Sri Lanka,1994,LKA,5
414,Sri Lanka,1995,LKA,5
416,Sri Lanka,1998,LKA,5
417,Sri Lanka,1999,LKA,5
418,Sri Lanka,2000,LKA,5
420,Sri Lanka,2007,LKA,4
421,Sri Lanka,2008,LKA,5
422,Sri Lanka,2009,LKA,5
423,Turkey,1989,TUR,5
424,Turkey,1990,TUR,5
425,Turkey,1991,TUR,5
426,Turkey,1992,TUR,5
427,Turkey,1993,TUR,5
428,Turkey,1994,TUR,5
440,India,2001,IND,5
443,India,2004,IND,5
458,Indonesia,2004,IDN,5
459,Azerbaijan,1992,AZE,1
460,Egypt,1995,EGY,2
461,Egypt,1996,EGY,3
462,Egypt,1997,EGY,4
463,Georgia,1993,GEO,2
464,Georgia,1995,GEO,3
470,Pakistan,2015,PAK,5
471,Pakistan,2007,PAK,5
472,Pakistan,2008,PAK,5
473,Pakistan,2009,PAK,5
475,Pakistan,2011,PAK,5
476,Pakistan,2012,PAK,5
477,Pakistan,2013,PAK,5
478,Pakistan,2014,PAK,5
490,Thailand,2015,THA,5
491,Thailand,2004,THA,2
492,Thailand,2005,THA,2
493,Thailand,2006,THA,3
494,Thailand,2007,THA,4
495,Thailand,2008,THA,5
496,Thailand,2009,THA,5
497,Thailand,2010,THA,5
498,Thailand,2011,THA,5
499,Thailand,2012,THA,5
500,Thailand,2013,THA,5
501,Thailand,2014,THA,5
509,Spain,2004,ESP,0
514,Pakistan,1998,PAK,5
515,Pakistan,1999,PAK,5
516,Pakistan,2003,PAK,5
517,Pakistan,2004,PAK,5
525,Morocco,2003,MAR,0
526,Egypt,2004,EGY,0
547,Burundi,2006,BDI,5
548,Burundi,2001,BDI,5
552,Chad,1997,TCD,4
563,Sudan,2005,SDN,5
564,Sudan,2006,SDN,5
566,Uganda,1989,UGA,5
590,Uganda,1997,UGA,4
591,Uganda,1998,UGA,4
592,Uganda,1999,UGA,5
593,Uganda,2000,UGA,5
598,Uganda,1996,UGA,4
599,Ethiopia,2007,ETH,5
602,Mozambique,1991,MOZ,5
603,Mozambique,1992,MOZ,5
628,Senegal,1992,SEN,2
629,Senegal,1993,SEN,3
630,Senegal,1995,SEN,3
631,Senegal,1997,SEN,3
634,Sierra Leone,1992,SLE,1
635,Sierra Leone,1993,SLE,2
637,Sierra Leone,1995,SLE,4
638,Sierra Leone,1996,SLE,5
646,Algeria,1993,DZA,2
647,Algeria,1997,DZA,5
648,Algeria,1998,DZA,5
649,Algeria,1999,DZA,5
650,Algeria,2000,DZA,5
651,Algeria,2001,DZA,5
652,Algeria,2002,DZA,5
653,Algeria,2003,DZA,5
654,Algeria,2004,DZA,5
655,Algeria,2006,DZA,5
659,Congo,2002,COG,3
664,Angola,1989,AGO,5
665,Angola,1990,AGO,5
666,Angola,1993,AGO,5
668,Angola,1995,AGO,5
670,Angola,1999,AGO,5
672,Angola,2001,AGO,5
674,South Africa,1994,ZAF,5
675,Nigeria,2000,NGA,4
676,Nigeria,2005,NGA,5
697,Sudan,2010,SDN,5
698,Liberia,1993,LBR,4
699,Liberia,1994,LBR,5
700,Liberia,1995,LBR,5
707,Senegal,2002,SEN,4
713,Somalia,1999,SOM,5
714,Chad,1989,TCD,3
719,Liberia,1996,LBR,5
728,Kenya,2009,KEN,5
730,Somalia,2008,SOM,5
737,Colombia,1994,COL,5
738,Colombia,1995,COL,5
739,Colombia,1996,COL,5
740,Colombia,1997,COL,5
741,Colombia,1998,COL,5
742,Colombia,1999,COL,5
743,Colombia,2000,COL,5
744,Colombia,2001,COL,5
745,Colombia,2002,COL,5
746,Colombia,2003,COL,5
747,Colombia,2004,COL,5
748,Colombia,2005,COL,5
749,Colombia,2006,COL,5
750,Colombia,2008,COL,5
751,Colombia,2009,COL,5
755,Peru,1989,PER,5
756,Peru,1990,PER,5
757,Peru,1991,PER,5
758,Peru,1992,PER,5
759,Peru,1993,PER,5
761,Saudi Arabia,2003,SAU,0
762,Saudi Arabia,2004,SAU,1
773,Colombia,1989,COL,5
774,Colombia,1993,COL,5
775,Honduras,2004,HND,0
776,Mexico,1997,MEX,4
777,Central African Republic,2015,CAF,5
778,Philippines,2009,PHL,5
784,Somalia,1992,SOM,5
786,Guyana,2008,GUY,0
793,Nigeria,2010,NGA,5
807,Mexico,2010,MEX,5
824,Bangladesh,2004,BGD,3
829,Algeria,2013,DZA,5
830,Philippines,2007,PHL,5
835,Central African Republic,2014,CAF,5
844,Lebanon,2013,LBN,3
0,Afghanistan,1978,AFG,0
1,Afghanistan,1979,AFG,1
2,Afghanistan,1980,AFG,2
3,Afghanistan,1981,AFG,3
4,Afghanistan,1982,AFG,4
5,Afghanistan,1983,AFG,5
6,Afghanistan,1984,AFG,5
7,Afghanistan,1985,AFG,5
8,Afghanistan,1986,AFG,5
9,Afghanistan,1987,AFG,5
10,Afghanistan,1988,AFG,5
11,Afghanistan,1989,AFG,5
12,Afghanistan,1990,AFG,5
13,Afghanistan,1991,AFG,5
14,Afghanistan,1992,AFG,5
16,Afghanistan,1994,AFG,5
17,Afghanistan,1995,AFG,5
24,Afghanistan,2002,AFG,5
25,Afghanistan,2003,AFG,5
27,Afghanistan,2005,AFG,5
57,Algeria,1954,DZA,0
58,Algeria,1955,DZA,1
59,Algeria,1956,DZA,2
60,Algeria,1957,DZA,3
61,Algeria,1958,DZA,4
62,Algeria,1959,DZA,5
63,Algeria,1960,DZA,5
64,Algeria,1961,DZA,5
65,Algeria,1962,DZA,5
66,Algeria,1991,DZA,0
67,Algeria,1992,DZA,1
69,Algeria,1994,DZA,3
70,Algeria,1995,DZA,4
71,Algeria,1996,DZA,5
80,Algeria,2005,DZA,5
82,Algeria,2007,DZA,5
83,Algeria,2008,DZA,5
84,Algeria,2009,DZA,5
85,Algeria,2010,DZA,5
86,Algeria,2011,DZA,5
87,Algeria,2012,DZA,5
89,Algeria,2014,DZA,5
90,Algeria,2015,DZA,5
92,Angola,1961,AGO,0
93,Angola,1962,AGO,1
94,Angola,1963,AGO,2
95,Angola,1964,AGO,3
96,Angola,1965,AGO,4
97,Angola,1966,AGO,5
98,Angola,1967,AGO,5
99,Angola,1968,AGO,5
100,Angola,1969,AGO,5
101,Angola,1970,AGO,5
102,Angola,1971,AGO,5
103,Angola,1972,AGO,5
104,Angola,1973,AGO,5
105,Angola,1974,AGO,5
106,Angola,1975,AGO,5
107,Angola,1976,AGO,5
108,Angola,1977,AGO,5
109,Angola,1978,AGO,5
110,Angola,1979,AGO,5
111,Angola,1980,AGO,5
112,Angola,1981,AGO,5
113,Angola,1982,AGO,5
114,Angola,1983,AGO,5
115,Angola,1984,AGO,5
116,Angola,1985,AGO,5
117,Angola,1986,AGO,5
118,Angola,1987,AGO,5
119,Angola,1988,AGO,5
122,Angola,1991,AGO,5
123,Angola,1992,AGO,5
125,Angola,1994,AGO,5
131,Angola,1996,AGO,5
134,Angola,2000,AGO,5
136,Angola,2002,AGO,5
138,Angola,2004,AGO,5
139,Angola,2007,AGO,3
140,Angola,2009,AGO,2
141,Argentina,1955,ARG,0
142,Argentina,1963,ARG,0
143,Argentina,1974,ARG,0
144,Argentina,1975,ARG,1
145,Argentina,1976,ARG,2
146,Argentina,1977,ARG,3
148,Azerbaijan,1991,AZE,0
150,Azerbaijan,1993,AZE,2
151,Azerbaijan,1994,AZE,3
152,Azerbaijan,1997,AZE,4
153,Azerbaijan,1998,AZE,4
155,Azerbaijan,1995,AZE,4
156,Azerbaijan,2005,AZE,0
157,Azerbaijan,2008,AZE,1
158,Azerbaijan,2012,AZE,1
159,Azerbaijan,2014,AZE,1
160,Azerbaijan,2015,AZE,2
161,Bangladesh,1975,BGD,0
162,Bangladesh,1976,BGD,1
163,Bangladesh,1977,BGD,2
164,Bangladesh,1978,BGD,3
165,Bangladesh,1979,BGD,4
166,Bangladesh,1980,BGD,5
167,Bangladesh,1981,BGD,5
168,Bangladesh,1982,BGD,5
169,Bangladesh,1983,BGD,5
170,Bangladesh,1984,BGD,5
171,Bangladesh,1985,BGD,5
172,Bangladesh,1986,BGD,5
173,Bangladesh,1987,BGD,5
174,Bangladesh,1988,BGD,5
178,Bangladesh,2005,BGD,3
179,Bangladesh,2006,BGD,3
193,Burkina Faso,1987,BFA,1
195,Burundi,1965,BDI,0
196,Burundi,1991,BDI,0
197,Burundi,1992,BDI,1
198,Burundi,1994,BDI,2
211,Burundi,2008,BDI,5
257,Cameroon,1957,CMR,0
258,Cameroon,1958,CMR,1
259,Cameroon,1959,CMR,2
260,Cameroon,1960,CMR,3
261,Cameroon,1961,CMR,4
262,Cameroon,1984,CMR,0
263,Cameroon,2015,CMR,2
266,Central African Republic,2001,CAF,0
267,Central African Republic,2002,CAF,1
269,Central African Republic,2009,CAF,3
270,Central African Republic,2010,CAF,4
271,Central African Republic,2011,CAF,5
272,Central African Republic,2012,CAF,5
274,Chad,1966,TCD,0
275,Chad,1967,TCD,1
276,Chad,1968,TCD,2
277,Chad,1969,TCD,3
278,Chad,1970,TCD,4
279,Chad,1971,TCD,5
280,Chad,1972,TCD,5
281,Chad,1976,TCD,2
282,Chad,1977,TCD,2
283,Chad,1978,TCD,2
284,Chad,1979,TCD,3
285,Chad,1980,TCD,4
286,Chad,1981,TCD,5
287,Chad,1982,TCD,5
288,Chad,1983,TCD,5
289,Chad,1984,TCD,5
290,Chad,1986,TCD,4
291,Chad,1987,TCD,4
293,Chad,1990,TCD,3
300,Chad,1999,TCD,4
301,Chad,2000,TCD,4
302,Chad,2001,TCD,4
303,Chad,2002,TCD,5
304,Chad,2003,TCD,5
305,Chad,2005,TCD,5
306,Chad,2006,TCD,5
307,Chad,2007,TCD,5
308,Chad,2008,TCD,5
309,Chad,2009,TCD,5
310,Chad,2010,TCD,5
311,Chad,2015,TCD,2
314,Chile,1973,CHL,0
315,China,1946,CHN,0
316,China,1947,CHN,1
317,China,1948,CHN,2
318,China,1949,CHN,3
320,China,1950,CHN,4
321,China,1956,CHN,1
322,China,1959,CHN,3
342,Colombia,1964,COL,0
343,Colombia,1965,COL,1
344,Colombia,1966,COL,2
345,Colombia,1967,COL,3
346,Colombia,1968,COL,4
347,Colombia,1969,COL,5
348,Colombia,1970,COL,5
349,Colombia,1971,COL,5
350,Colombia,1972,COL,5
351,Colombia,1973,COL,5
352,Colombia,1974,COL,5
353,Colombia,1975,COL,5
354,Colombia,1976,COL,5
355,Colombia,1977,COL,5
356,Colombia,1978,COL,5
357,Colombia,1979,COL,5
358,Colombia,1980,COL,5
359,Colombia,1981,COL,5
360,Colombia,1982,COL,5
361,Colombia,1983,COL,5
362,Colombia,1984,COL,5
363,Colombia,1985,COL,5
364,Colombia,1986,COL,5
365,Colombia,1987,COL,5
366,Colombia,1988,COL,5
370,Colombia,1992,COL,5
385,Colombia,2007,COL,5
388,Colombia,2010,COL,5
389,Colombia,2011,COL,5
390,Colombia,2012,COL,5
391,Colombia,2013,COL,5
392,Colombia,2014,COL,5
393,Colombia,2015,COL,5
394,Comoros,1989,COM,0
395,Comoros,1997,COM,0
401,Costa Rica,1948,CRI,0
402,Croatia,1992,HRV,0
404,Croatia,1995,HRV,2
405,Cuba,1953,CUB,0
406,Cuba,1956,CUB,1
407,Cuba,1957,CUB,2
408,Cuba,1958,CUB,3
409,Cuba,1961,CUB,3
410,Cyprus,1955,CYP,0
411,Cyprus,1956,CYP,1
412,Cyprus,1957,CYP,2
413,Cyprus,1958,CYP,3
414,Cyprus,1959,CYP,4
416,Djibouti,1991,DJI,0
417,Djibouti,1992,DJI,1
418,Djibouti,1993,DJI,2
419,Djibouti,1994,DJI,3
420,Djibouti,1999,DJI,2
422,Dominican Republic,1965,DOM,0
451,Egypt,1993,EGY,0
452,Egypt,1994,EGY,1
456,Egypt,1998,EGY,5
457,Egypt,2014,EGY,3
458,Egypt,2015,EGY,4
466,El Salvador,1972,SLV,1
467,El Salvador,1979,SLV,0
468,El Salvador,1980,SLV,1
469,El Salvador,1981,SLV,2
470,El Salvador,1982,SLV,3
471,El Salvador,1983,SLV,4
472,El Salvador,1984,SLV,5
473,El Salvador,1985,SLV,5
474,El Salvador,1986,SLV,5
475,El Salvador,1987,SLV,5
476,El Salvador,1988,SLV,5
477,El Salvador,1989,SLV,5
478,El Salvador,1990,SLV,5
479,El Salvador,1991,SLV,5
481,Eritrea,1997,ERI,0
482,Eritrea,1999,ERI,2
483,Eritrea,2003,ERI,3
487,Ethiopia,1960,ETH,0
488,Ethiopia,1976,ETH,5
489,Ethiopia,1977,ETH,5
490,Ethiopia,1978,ETH,5
491,Ethiopia,1979,ETH,5
492,Ethiopia,1980,ETH,5
493,Ethiopia,1981,ETH,5
494,Ethiopia,1982,ETH,5
495,Ethiopia,1983,ETH,5
496,Ethiopia,1984,ETH,5
497,Ethiopia,1985,ETH,5
498,Ethiopia,1986,ETH,5
499,Ethiopia,1987,ETH,5
500,Ethiopia,1988,ETH,5
501,Ethiopia,1964,ETH,1
502,Ethiopia,1965,ETH,2
503,Ethiopia,1966,ETH,2
504,Ethiopia,1967,ETH,3
505,Ethiopia,1968,ETH,4
506,Ethiopia,1969,ETH,5
507,Ethiopia,1970,ETH,5
508,Ethiopia,1971,ETH,5
509,Ethiopia,1972,ETH,5
510,Ethiopia,1973,ETH,5
511,Ethiopia,1974,ETH,5
512,Ethiopia,1975,ETH,5
559,Ethiopia,1994,ETH,5
560,Ethiopia,1996,ETH,5
561,Ethiopia,1998,ETH,4
562,Ethiopia,1999,ETH,4
567,Ethiopia,1992,ETH,5
569,Ethiopia,1995,ETH,5
573,Ethiopia,2000,ETH,4
574,Ethiopia,2001,ETH,4
578,Ethiopia,2005,ETH,5
579,Ethiopia,2006,ETH,5
581,Ethiopia,2008,ETH,5
582,Ethiopia,2009,ETH,5
583,Ethiopia,2010,ETH,5
584,Ethiopia,2011,ETH,5
586,Ethiopia,2013,ETH,5
587,Ethiopia,2014,ETH,5
588,Ethiopia,2015,ETH,5
608,France,1961,FRA,1
609,France,1962,FRA,1
612,Gabon,1964,GAB,0
613,Gambia,1981,GMB,0
614,Georgia,1991,GEO,0
615,Georgia,1992,GEO,1
620,Georgia,2004,GEO,0
621,Georgia,2008,GEO,1
622,Ghana,1966,GHA,0
623,Ghana,1981,GHA,0
624,Ghana,1983,GHA,1
625,Greece,1946,GRC,0
626,Greece,1947,GRC,1
627,Greece,1948,GRC,2
628,Greece,1949,GRC,3
630,Guatemala,1949,GTM,0
631,Guatemala,1954,GTM,1
632,Guatemala,1963,GTM,0
633,Guatemala,1965,GTM,1
634,Guatemala,1966,GTM,2
635,Guatemala,1967,GTM,3
636,Guatemala,1968,GTM,4
637,Guatemala,1969,GTM,4
638,Guatemala,1970,GTM,5
639,Guatemala,1971,GTM,5
640,Guatemala,1972,GTM,5
641,Guatemala,1973,GTM,5
642,Guatemala,1974,GTM,5
643,Guatemala,1975,GTM,5
644,Guatemala,1976,GTM,5
645,Guatemala,1977,GTM,5
646,Guatemala,1978,GTM,5
647,Guatemala,1979,GTM,5
648,Guatemala,1980,GTM,5
649,Guatemala,1981,GTM,5
650,Guatemala,1982,GTM,5
651,Guatemala,1983,GTM,5
652,Guatemala,1984,GTM,5
653,Guatemala,1985,GTM,5
654,Guatemala,1986,GTM,5
655,Guatemala,1987,GTM,5
656,Guatemala,1988,GTM,5
664,Guinea,2000,GIN,3
665,Guinea,2001,GIN,4
666,Guinea-Bissau,1963,GNB,0
667,Guinea-Bissau,1964,GNB,1
668,Guinea-Bissau,1965,GNB,2
669,Guinea-Bissau,1966,GNB,3
670,Guinea-Bissau,1967,GNB,4
671,Guinea-Bissau,1968,GNB,5
672,Guinea-Bissau,1969,GNB,5
673,Guinea-Bissau,1970,GNB,5
674,Guinea-Bissau,1971,GNB,5
675,Guinea-Bissau,1972,GNB,5
676,Guinea-Bissau,1973,GNB,5
677,Guinea-Bissau,1998,GNB,0
678,Guinea-Bissau,1999,GNB,1
679,Haiti,1989,HTI,0
681,Haiti,2004,HTI,0
687,India,1948,IND,0
688,India,1949,IND,1
689,India,1950,IND,2
690,India,1951,IND,3
691,India,1969,IND,5
692,India,1970,IND,5
693,India,1971,IND,5
694,India,1956,IND,1
695,India,1957,IND,1
696,India,1958,IND,2
697,India,1959,IND,3
698,India,1961,IND,4
699,India,1962,IND,4
700,India,1963,IND,4
701,India,1964,IND,4
702,India,1965,IND,4
703,India,1966,IND,5
704,India,1967,IND,5
705,India,1968,IND,5
709,India,1979,IND,0
710,India,1980,IND,1
711,India,1981,IND,2
712,India,1982,IND,3
713,India,1983,IND,4
714,India,1984,IND,5
715,India,1985,IND,5
716,India,1986,IND,5
717,India,1987,IND,5
718,India,1988,IND,5
732,India,1991,IND,5
874,Indonesia,1946,IDN,0
875,Indonesia,1947,IDN,1
876,Indonesia,1948,IDN,2
877,Indonesia,1949,IDN,3
878,Indonesia,1950,IDN,4
879,Indonesia,1953,IDN,3
880,Indonesia,1958,IDN,1
881,Indonesia,1959,IDN,1
882,Indonesia,1960,IDN,2
883,Indonesia,1961,IDN,3
884,Indonesia,1965,IDN,5
885,Indonesia,1967,IDN,5
886,Indonesia,1968,IDN,5
887,Indonesia,1969,IDN,5
888,Indonesia,1976,IDN,1
889,Indonesia,1977,IDN,2
890,Indonesia,1978,IDN,3
891,Indonesia,1981,IDN,5
892,Indonesia,1984,IDN,5
893,Indonesia,1975,IDN,0
897,Indonesia,1979,IDN,4
898,Indonesia,1980,IDN,5
900,Indonesia,1982,IDN,5
901,Indonesia,1983,IDN,5
903,Indonesia,1985,IDN,5
904,Indonesia,1986,IDN,5
905,Indonesia,1987,IDN,5
906,Indonesia,1988,IDN,5
907,Indonesia,1992,IDN,4
919,Indonesia,2005,IDN,5
975,Iraq,1958,IRQ,0
976,Iraq,1959,IRQ,1
977,Iraq,1963,IRQ,4
978,Iraq,1982,IRQ,5
979,Iraq,1983,IRQ,5
980,Iraq,1984,IRQ,5
981,Iraq,1987,IRQ,5
982,Iraq,1961,IRQ,2
983,Iraq,1962,IRQ,3
985,Iraq,1964,IRQ,4
986,Iraq,1965,IRQ,4
987,Iraq,1966,IRQ,5
988,Iraq,1967,IRQ,5
989,Iraq,1968,IRQ,5
990,Iraq,1969,IRQ,5
991,Iraq,1970,IRQ,5
992,Iraq,1973,IRQ,3
993,Iraq,1974,IRQ,3
994,Iraq,1975,IRQ,3
995,Iraq,1976,IRQ,3
996,Iraq,1977,IRQ,4
997,Iraq,1978,IRQ,5
998,Iraq,1979,IRQ,5
999,Iraq,1980,IRQ,5
1000,Iraq,1981,IRQ,5
1004,Iraq,1985,IRQ,5
1005,Iraq,1986,IRQ,5
1007,Iraq,1988,IRQ,5
1008,Iraq,1991,IRQ,5
1009,Iraq,1992,IRQ,5
1011,Iraq,1994,IRQ,5
1013,Iraq,1996,IRQ,5
1014,Iraq,1989,IRQ,5
1015,Iraq,1990,IRQ,5
1029,Iraq,2013,IRQ,5
1030,Iraq,2014,IRQ,5
1035,Israel,1946,ISR,0
1036,Israel,1949,ISR,2
1037,Israel,1950,ISR,3
1038,Israel,1951,ISR,4
1039,Israel,1952,ISR,4
1040,Israel,1953,ISR,5
1041,Israel,1954,ISR,5
1042,Israel,1955,ISR,5
1043,Israel,1956,ISR,5
1044,Israel,1957,ISR,5
1045,Israel,1958,ISR,5
1046,Israel,1959,ISR,5
1047,Israel,1960,ISR,5
1048,Israel,1961,ISR,5
1049,Israel,1962,ISR,5
1050,Israel,1963,ISR,5
1051,Israel,1964,ISR,5
1052,Israel,1965,ISR,5
1053,Israel,1966,ISR,5
1054,Israel,1967,ISR,5
1055,Israel,1968,ISR,5
1056,Israel,1969,ISR,5
1057,Israel,1970,ISR,5
1058,Israel,1971,ISR,5
1059,Israel,1972,ISR,5
1060,Israel,1973,ISR,5
1061,Israel,1974,ISR,5
1062,Israel,1975,ISR,5
1063,Israel,1976,ISR,5
1064,Israel,1977,ISR,5
1065,Israel,1978,ISR,5
1066,Israel,1979,ISR,5
1067,Israel,1980,ISR,5
1068,Israel,1981,ISR,5
1069,Israel,1982,ISR,5
1070,Israel,1983,ISR,5
1071,Israel,1984,ISR,5
1072,Israel,1985,ISR,5
1073,Israel,1986,ISR,5
1074,Israel,1987,ISR,5
1075,Israel,1988,ISR,5
1077,Israel,1990,ISR,5
1078,Israel,1991,ISR,5
1079,Israel,1992,ISR,5
1080,Israel,1993,ISR,5
1082,Israel,1995,ISR,5
1091,Israel,1997,ISR,5
1092,Israel,1998,ISR,5
1093,Israel,1999,ISR,5
1094,Israel,2000,ISR,5
1100,Israel,2006,ISR,5
1101,Israel,2007,ISR,5
1102,Israel,2008,ISR,5
1103,Israel,2009,ISR,5
1104,Israel,2010,ISR,5
1105,Israel,2011,ISR,5
1106,Israel,2012,ISR,5
1107,Israel,2014,ISR,4
1118,Kenya,1952,KEN,0
1119,Kenya,1953,KEN,1
1120,Kenya,1954,KEN,2
1121,Kenya,1955,KEN,3
1122,Kenya,1956,KEN,4
1123,Kenya,1982,KEN,0
1124,Kenya,2015,KEN,5
1152,Lebanon,1958,LBN,0
1153,Lebanon,1975,LBN,0
1154,Lebanon,1976,LBN,1
1155,Lebanon,1982,LBN,0
1156,Lebanon,1983,LBN,1
1157,Lebanon,1984,LBN,2
1158,Lebanon,1985,LBN,3
1159,Lebanon,1986,LBN,4
1160,Lebanon,1989,LBN,3
1161,Lebanon,1990,LBN,3
1162,Lebanon,2014,LBN,3
1163,Lebanon,2015,LBN,4
1164,Lesotho,1998,LSO,0
1165,Liberia,1980,LBR,0
1166,Liberia,1989,LBR,0
1173,Libya,2014,LBY,2
1174,Libya,2015,LBY,3
1179,Malaysia,1948,MYS,0
1180,Malaysia,1949,MYS,1
1181,Malaysia,1950,MYS,2
1182,Malaysia,1951,MYS,3
1183,Malaysia,1952,MYS,4
1184,Malaysia,1953,MYS,5
1185,Malaysia,1954,MYS,5
1186,Malaysia,1955,MYS,5
1187,Malaysia,1956,MYS,5
1188,Malaysia,1957,MYS,5
1189,Malaysia,1958,MYS,5
1190,Malaysia,1959,MYS,5
1191,Malaysia,1960,MYS,5
1192,Malaysia,1974,MYS,0
1193,Malaysia,1975,MYS,1
1194,Malaysia,1981,MYS,0
1195,Malaysia,1963,MYS,3
1196,Malaysia,1964,MYS,3
1197,Malaysia,1965,MYS,3
1198,Malaysia,1966,MYS,3
1199,Malaysia,2013,MYS,0
1202,Mali,2007,MLI,0
1203,Mali,2008,MLI,1
1204,Mali,2009,MLI,2
1205,Mali,2012,MLI,3
1206,Mali,2014,MLI,3
1207,Mali,2015,MLI,3
1210,Mali,2013,MLI,3
1214,Mauritania,1975,MRT,0
1215,Mauritania,1976,MRT,1
1216,Mauritania,1977,MRT,2
1217,Mauritania,1978,MRT,3
1218,Mauritania,2010,MRT,1
1219,Mauritania,2011,MRT,2
1224,Mexico,1994,MEX,1
1225,Mexico,1996,MEX,3
1227,Morocco,1953,MAR,0
1228,Morocco,1954,MAR,1
1229,Morocco,1955,MAR,2
1230,Morocco,1956,MAR,3
1231,Morocco,1971,MAR,0
1232,Morocco,1975,MAR,1
1233,Morocco,1976,MAR,2
1234,Morocco,1977,MAR,2
1235,Morocco,1978,MAR,3
1236,Morocco,1979,MAR,4
1237,Morocco,1980,MAR,5
1238,Morocco,1981,MAR,5
1239,Morocco,1982,MAR,5
1240,Morocco,1983,MAR,5
1241,Morocco,1984,MAR,5
1242,Morocco,1985,MAR,5
1243,Morocco,1986,MAR,5
1244,Morocco,1987,MAR,5
1245,Morocco,1988,MAR,5
1246,Morocco,1989,MAR,5
1247,Mozambique,1964,MOZ,0
1248,Mozambique,1965,MOZ,1
1249,Mozambique,1966,MOZ,2
1250,Mozambique,1967,MOZ,3
1251,Mozambique,1968,MOZ,4
1252,Mozambique,1969,MOZ,5
1253,Mozambique,1970,MOZ,5
1254,Mozambique,1971,MOZ,5
1255,Mozambique,1972,MOZ,5
1256,Mozambique,1973,MOZ,5
1257,Mozambique,1974,MOZ,5
1258,Mozambique,1977,MOZ,3
1259,Mozambique,1978,MOZ,3
1260,Mozambique,1979,MOZ,3
1261,Mozambique,1980,MOZ,3
1262,Mozambique,1981,MOZ,4
1263,Mozambique,1982,MOZ,5
1264,Mozambique,1983,MOZ,5
1265,Mozambique,1984,MOZ,5
1266,Mozambique,1985,MOZ,5
1267,Mozambique,1986,MOZ,5
1268,Mozambique,1987,MOZ,5
1269,Mozambique,1988,MOZ,5
1270,Mozambique,1989,MOZ,5
1271,Mozambique,1990,MOZ,5
1274,Mozambique,2013,MOZ,0
1543,Nepal,1960,NPL,0
1544,Nepal,1961,NPL,1
1545,Nepal,1962,NPL,2
1547,Nepal,1997,NPL,1
1557,Nicaragua,1977,NIC,0
1558,Nicaragua,1978,NIC,1
1559,Nicaragua,1979,NIC,2
1560,Nicaragua,1982,NIC,3
1561,Nicaragua,1983,NIC,3
1562,Nicaragua,1984,NIC,3
1563,Nicaragua,1985,NIC,3
1564,Nicaragua,1986,NIC,4
1565,Nicaragua,1987,NIC,5
1566,Nicaragua,1988,NIC,5
1567,Nicaragua,1989,NIC,5
1568,Nicaragua,1990,NIC,5
1569,Niger,1994,NER,4
1571,Niger,1991,NER,2
1572,Niger,1992,NER,3
1573,Niger,1997,NER,3
1574,Niger,2007,NER,0
1575,Niger,2008,NER,1
1576,Niger,2015,NER,0
1577,Nigeria,1966,NGA,0
1578,Nigeria,1967,NGA,1
1579,Nigeria,1968,NGA,2
1580,Nigeria,1969,NGA,3
1581,Nigeria,1970,NGA,4
1582,Nigeria,2009,NGA,5
1585,Nigeria,2013,NGA,5
1596,Oman,1957,OMN,0
1597,Oman,1969,OMN,0
1598,Oman,1970,OMN,1
1599,Oman,1971,OMN,2
1600,Oman,1972,OMN,3
1601,Oman,1973,OMN,4
1602,Oman,1974,OMN,5
1603,Oman,1975,OMN,5
1604,Pakistan,1971,PAK,0
1605,Pakistan,1974,PAK,1
1606,Pakistan,1975,PAK,2
1607,Pakistan,1976,PAK,3
1608,Pakistan,1977,PAK,3
1609,Pakistan,1990,PAK,2
1610,Pakistan,1994,PAK,5
1611,Pakistan,1995,PAK,5
1612,Pakistan,1996,PAK,5
1614,Pakistan,2006,PAK,5
1632,Panama,1989,PAN,0
1634,Papua New Guinea,1990,PNG,0
1636,Papua New Guinea,1993,PNG,2
1637,Papua New Guinea,1994,PNG,3
1638,Papua New Guinea,1995,PNG,4
1640,Paraguay,1947,PRY,0
1641,Paraguay,1954,PRY,0
1642,Paraguay,1989,PRY,0
1643,Peru,1965,PER,0
1644,Peru,1982,PER,0
1645,Peru,1983,PER,1
1646,Peru,1984,PER,2
1647,Peru,1985,PER,3
1648,Peru,1986,PER,4
1649,Peru,1987,PER,5
1650,Peru,1988,PER,5
1656,Peru,1994,PER,5
1657,Peru,1995,PER,5
1658,Peru,1996,PER,5
1659,Peru,1997,PER,5
1660,Peru,1998,PER,5
1661,Peru,1999,PER,5
1662,Peru,2007,PER,0
1663,Peru,2008,PER,1
1664,Peru,2009,PER,2
1665,Peru,2010,PER,3
1666,Philippines,1946,PHL,0
1667,Philippines,1947,PHL,1
1668,Philippines,1948,PHL,2
1669,Philippines,1949,PHL,3
1670,Philippines,1950,PHL,4
1671,Philippines,1951,PHL,5
1672,Philippines,1952,PHL,5
1673,Philippines,1953,PHL,5
1674,Philippines,1954,PHL,5
1675,Philippines,1969,PHL,0
1676,Philippines,1970,PHL,1
1677,Philippines,1971,PHL,2
1678,Philippines,1972,PHL,3
1679,Philippines,1973,PHL,4
1680,Philippines,1974,PHL,5
1681,Philippines,1975,PHL,5
1682,Philippines,1976,PHL,5
1683,Philippines,1977,PHL,5
1684,Philippines,1978,PHL,5
1685,Philippines,1979,PHL,5
1686,Philippines,1980,PHL,5
1687,Philippines,1981,PHL,5
1688,Philippines,1982,PHL,5
1689,Philippines,1983,PHL,5
1690,Philippines,1984,PHL,5
1691,Philippines,1985,PHL,5
1692,Philippines,1986,PHL,5
1693,Philippines,1987,PHL,5
1694,Philippines,1988,PHL,5
1714,Philippines,1989,PHL,5
1717,Philippines,1992,PHL,5
1718,Philippines,1993,PHL,5
1719,Philippines,1994,PHL,5
1721,Philippines,1997,PHL,5
1722,Philippines,1999,PHL,5
1728,Philippines,1996,PHL,5
1730,Philippines,1998,PHL,5
1737,Philippines,2005,PHL,5
1738,Philippines,2006,PHL,5
1743,Philippines,2011,PHL,5
1744,Philippines,2012,PHL,5
1745,Philippines,2013,PHL,5
1746,Philippines,2014,PHL,5
1808,Rwanda,1994,RWA,4
1809,Rwanda,1996,RWA,5
1811,Rwanda,1998,RWA,5
1812,Rwanda,1999,RWA,5
1813,Rwanda,2000,RWA,5
1814,Rwanda,2001,RWA,5
1815,Rwanda,2002,RWA,5
1816,Rwanda,2009,RWA,0
1817,Rwanda,2010,RWA,1
1818,Rwanda,2011,RWA,2
1819,Rwanda,2012,RWA,3
1820,Saudi Arabia,1979,SAU,0
1821,Senegal,1990,SEN,1
1827,Senegal,2000,SEN,3
1828,Senegal,2001,SEN,3
1829,Senegal,2003,SEN,4
1830,Senegal,2011,SEN,1
1845,Sierra Leone,2000,SLE,5
1846,Sierra Leone,2001,SLE,5
1847,Somalia,1982,SOM,3
1848,Somalia,1983,SOM,3
1849,Somalia,1984,SOM,3
1850,Somalia,1986,SOM,3
1851,Somalia,1987,SOM,4
1852,Somalia,1988,SOM,4
1854,Somalia,1990,SOM,4
1857,Somalia,1993,SOM,5
1858,Somalia,1994,SOM,5
1859,Somalia,1995,SOM,5
1860,Somalia,1996,SOM,5
1861,Somalia,2001,SOM,5
1862,Somalia,2002,SOM,5
1863,Somalia,2006,SOM,5
1864,Somalia,2007,SOM,5
1866,Somalia,2009,SOM,5
1867,Somalia,2010,SOM,5
1870,Somalia,2013,SOM,5
1871,Somalia,2014,SOM,5
1872,Somalia,2015,SOM,5
1873,South Africa,1966,ZAF,0
1874,South Africa,1967,ZAF,1
1875,South Africa,1968,ZAF,2
1876,South Africa,1969,ZAF,3
1877,South Africa,1970,ZAF,4
1878,South Africa,1971,ZAF,5
1879,South Africa,1972,ZAF,5
1880,South Africa,1973,ZAF,5
1881,South Africa,1974,ZAF,5
1882,South Africa,1975,ZAF,5
1883,South Africa,1976,ZAF,5
1884,South Africa,1977,ZAF,5
1885,South Africa,1978,ZAF,5
1886,South Africa,1979,ZAF,5
1887,South Africa,1980,ZAF,5
1888,South Africa,1981,ZAF,5
1889,South Africa,1982,ZAF,5
1890,South Africa,1983,ZAF,5
1891,South Africa,1984,ZAF,5
1892,South Africa,1985,ZAF,5
1893,South Africa,1986,ZAF,5
1894,South Africa,1987,ZAF,5
1895,South Africa,1988,ZAF,5
1903,South Sudan,2011,SSD,0
1937,Spain,1978,ESP,0
1938,Spain,1979,ESP,1
1939,Spain,1980,ESP,2
1940,Spain,1981,ESP,3
1941,Spain,1982,ESP,4
1942,Spain,1985,ESP,3
1943,Spain,1986,ESP,3
1944,Spain,1987,ESP,3
1945,Spain,1991,ESP,2
1946,Sri Lanka,1971,LKA,0
1947,Sri Lanka,1984,LKA,0
1948,Sri Lanka,1985,LKA,1
1949,Sri Lanka,1986,LKA,2
1950,Sri Lanka,1987,LKA,3
1951,Sri Lanka,1988,LKA,4
1958,Sri Lanka,1993,LKA,5
1962,Sri Lanka,1997,LKA,5
1966,Sri Lanka,2001,LKA,5
1967,Sri Lanka,2003,LKA,4
1968,Sri Lanka,2005,LKA,4
1973,Sudan,1963,SDN,0
1974,Sudan,1964,SDN,1
1975,Sudan,1965,SDN,2
1976,Sudan,1966,SDN,3
1977,Sudan,1967,SDN,4
1978,Sudan,1968,SDN,5
1979,Sudan,1969,SDN,5
1980,Sudan,1970,SDN,5
1981,Sudan,1971,SDN,5
1982,Sudan,1972,SDN,5
1984,Sudan,1976,SDN,2
1985,Sudan,1983,SDN,0
1986,Sudan,1984,SDN,1
1987,Sudan,1985,SDN,2
1988,Sudan,1986,SDN,3
1989,Sudan,1987,SDN,4
1990,Sudan,1988,SDN,5
2011,Sudan,2009,SDN,5
2014,Sudan,2012,SDN,5
2015,Sudan,2013,SDN,5
2019,Suriname,1987,SUR,0
2037,Tajikistan,1993,TJK,1
2038,Tajikistan,1994,TJK,2
2039,Tajikistan,1995,TJK,3
2040,Tajikistan,1996,TJK,4
2041,Tajikistan,1997,TJK,5
2042,Tajikistan,1998,TJK,5
2043,Tajikistan,2000,TJK,4
2044,Tajikistan,2010,TJK,0
2045,Tajikistan,2011,TJK,1
2047,Thailand,1951,THA,1
2048,Thailand,1974,THA,0
2049,Thailand,1975,THA,1
2050,Thailand,1976,THA,2
2051,Thailand,1977,THA,3
2052,Thailand,1978,THA,4
2053,Thailand,1979,THA,5
2054,Thailand,1980,THA,5
2055,Thailand,1981,THA,5
2056,Thailand,1982,THA,5
2057,Thailand,2003,THA,1
2070,Togo,1986,TGO,0
2071,Trinidad and Tobago,1990,TTO,0
2072,Tunisia,1953,TUN,0
2073,Tunisia,1954,TUN,1
2074,Tunisia,1955,TUN,2
2075,Tunisia,1956,TUN,3
2076,Tunisia,1980,TUN,0
2077,Turkey,1984,TUR,0
2078,Turkey,1985,TUR,1
2079,Turkey,1986,TUR,2
2080,Turkey,1987,TUR,3
2081,Turkey,1988,TUR,4
2088,Turkey,1995,TUR,5
2089,Turkey,1996,TUR,5
2090,Turkey,1997,TUR,5
2091,Turkey,1998,TUR,5
2092,Turkey,1999,TUR,5
2095,Turkey,2000,TUR,5
2096,Turkey,2001,TUR,5
2097,Turkey,2002,TUR,5
2098,Turkey,2003,TUR,5
2099,Turkey,2004,TUR,5
2100,Turkey,2005,TUR,5
2101,Turkey,2006,TUR,5
2102,Turkey,2007,TUR,5
2103,Turkey,2008,TUR,5
2104,Turkey,2009,TUR,5
2105,Turkey,2010,TUR,5
2106,Turkey,2011,TUR,5
2107,Turkey,2012,TUR,5
2108,Turkey,2013,TUR,5
2109,Turkey,2015,TUR,4
2111,Uganda,1971,UGA,0
2112,Uganda,1972,UGA,1
2113,Uganda,1974,UGA,2
2114,Uganda,1979,UGA,2
2115,Uganda,1980,UGA,2
2116,Uganda,1981,UGA,3
2117,Uganda,1982,UGA,4
2118,Uganda,1983,UGA,5
2119,Uganda,1984,UGA,5
2120,Uganda,1985,UGA,5
2121,Uganda,1986,UGA,5
2122,Uganda,1987,UGA,5
2123,Uganda,1988,UGA,5
2127,Uganda,1992,UGA,5
2128,Uganda,1994,UGA,4
2129,Uganda,1995,UGA,4
2135,Uganda,2001,UGA,5
2136,Uganda,2002,UGA,5
2137,Uganda,2003,UGA,5
2138,Uganda,2004,UGA,5
2139,Uganda,2005,UGA,5
2140,Uganda,2006,UGA,5
2141,Uganda,2007,UGA,5
2142,Uganda,2008,UGA,5
2143,Uganda,2009,UGA,5
2144,Uganda,2010,UGA,5
2145,Uganda,2011,UGA,5
2146,Uganda,2013,UGA,4
2147,Uganda,2014,UGA,4
2148,Uganda,2015,UGA,4
2149,Ukraine,2014,UKR,0
2153,Ukraine,2015,UKR,1
2177,Uruguay,1972,URY,0
2178,Uzbekistan,1999,UZB,0
2179,Uzbekistan,2000,UZB,1
2180,Uzbekistan,2004,UZB,2
4,Kenya,1992,KEN,1
5,Kenya,1993,KEN,2
6,Kenya,1994,KEN,3
7,Kenya,1998,KEN,5
10,Guinea,2013,GIN,2
11,Ghana,2000,GHA,1
12,Ghana,2001,GHA,1
13,Ghana,2008,GHA,0
30,Sri Lanka,2004,LKA,4
34,China,2009,CHN,1
42,Bangladesh,2013,BGD,0
45,Pakistan,1989,PAK,2
50,Guatemala,2005,GTM,0
52,Pakistan,1992,PAK,4
53,Pakistan,1993,PAK,4
55,Somalia,2003,SOM,5
62,Egypt,2013,EGY,2
63,Kenya,1997,KEN,5
64,Kenya,2000,KEN,5
67,Kenya,2011,KEN,5
69,Senegal,2006,SEN,3
72,Kenya,2006,KEN,3
124,Brazil,2004,BRA,4
125,Brazil,2009,BRA,2
126,Brazil,1999,BRA,3
127,Brazil,2011,BRA,1
128,Kenya,2013,KEN,5
130,Mexico,2015,MEX,5
134,Mexico,2013,MEX,5
142,Burundi,2007,BDI,5
146,Somalia,2004,SOM,5
171,Somalia,2005,SOM,5
188,Mexico,2004,MEX,1
189,Mexico,2005,MEX,2
190,Mexico,2006,MEX,3
191,Mexico,2007,MEX,4
193,Mexico,2009,MEX,5
244,Nigeria,1991,NGA,1
266,Kenya,1995,KEN,3
267,Kenya,1999,KEN,5
268,Kenya,2005,KEN,3
271,Kenya,2010,KEN,5
273,Kenya,2014,KEN,5
274,Kenya,1996,KEN,4
307,Bangladesh,1993,BGD,5
309,Iraq,2002,IRQ,4
310,Iraq,2003,IRQ,4
313,Cameroon,1998,CMR,3
314,Cameroon,1991,CMR,0
315,Cameroon,1992,CMR,1
316,Cameroon,1993,CMR,2
317,Cameroon,1994,CMR,3
319,Canada,1998,CAN,1
326,Comoros,1998,COM,1
359,Georgia,1998,GEO,3
360,Georgia,1997,GEO,3
361,Ghana,1991,GHA,0
362,Ghana,1992,GHA,1
363,Ghana,1994,GHA,2
364,Ghana,1995,GHA,3
384,Iraq,1997,IRQ,5
387,Iraq,2000,IRQ,5
388,Jamaica,2001,JAM,0
391,Kenya,2001,KEN,5
413,Lebanon,1992,LBN,2
414,Lebanon,1993,LBN,3
415,Lebanon,1994,LBN,4
416,Lebanon,1995,LBN,4
417,Lebanon,1998,LBN,4
418,Lebanon,1999,LBN,4
419,Lebanon,2000,LBN,4
426,Liberia,1992,LBR,3
438,Nigeria,1993,NGA,3
442,Nigeria,1999,NGA,4
446,Nigeria,1997,NGA,4
453,Nigeria,1992,NGA,2
457,Nigeria,1996,NGA,4
468,Pakistan,1997,PAK,5
471,Papua New Guinea,2001,PNG,2
481,Somalia,2000,SOM,5
493,Bangladesh,2001,BGD,4
502,Ghana,2002,GHA,2
512,Somalia,1997,SOM,5
513,Somalia,1998,SOM,5
523,South Africa,1990,ZAF,5
524,South Africa,1996,ZAF,5
525,South Africa,1989,ZAF,5
531,South Africa,1995,ZAF,5
536,South Africa,1998,ZAF,4
610,Mali,1999,MLI,2
623,Nigeria,2006,NGA,5
635,Kyrgyzstan,2010,KGZ,0
649,Papua New Guinea,1999,PNG,3
652,Mexico,2008,MEX,4
657,Brazil,1994,BRA,1
658,Brazil,1995,BRA,2
659,Brazil,1997,BRA,3
660,Brazil,2001,BRA,2
661,Brazil,2002,BRA,3
662,Brazil,2003,BRA,3
675,Nepal,2007,NPL,5
681,Kenya,2012,KEN,5
688,Kenya,1989,KEN,0
698,Mexico,1993,MEX,0
699,Mexico,2002,MEX,1
703,Mexico,2011,MEX,5
705,Mexico,2012,MEX,5
714,Honduras,2010,HND,0
747,Egypt,2011,EGY,0
754,Guinea,2011,GIN,2
789,Nigeria,2007,NGA,5
793,Papua New Guinea,2012,PNG,0
797,Egypt,2012,EGY,1
799,Libya,2012,LBY,1
802,Lebanon,2012,LBN,2
824,Bangladesh,2000,BGD,3
886,Lebanon,2008,LBN,1
888,Ecuador,2003,ECU,0
56,Albania,1946,ALB,0
91,Algeria,1963,DZA,5
147,Argentina,1982,ARG,1
1032,Australia,2003,AUS,0
245,Bangladesh,1994,BGD,5
249,Bangladesh,1998,BGD,3
250,Bangladesh,1999,BGD,3
488,Bhutan,2004,BTN,0
169,Botswana,1990,BWA,0
194,Burkina Faso,1985,BFA,0
797,Cameroon,2014,CMR,1
796,Cameroon,2013,CMR,0
265,Cameroon,1996,CMR,4
582,Central African Republic,2008,CAF,2
692,Chad,2004,TCD,5
324,China,1962,CHN,2
325,China,1967,CHN,1
326,China,1969,CHN,1
330,China,1954,CHN,2
331,China,1958,CHN,2
332,China,1974,CHN,1
333,China,1978,CHN,1
334,China,1979,CHN,2
335,China,1980,CHN,2
336,China,1981,CHN,3
337,China,1983,CHN,4
338,China,1984,CHN,4
339,China,1986,CHN,3
340,China,1987,CHN,3
341,China,1988,CHN,4
415,Cyprus,1974,CYP,0
421,Djibouti,2008,DJI,0
735,Djibouti,2014,DJI,0
450,Ecuador,1995,ECU,0
459,Egypt,1956,EGY,2
460,Egypt,1967,EGY,0
461,Egypt,1969,EGY,1
462,Egypt,1970,EGY,2
463,Egypt,1973,EGY,2
464,Egypt,1951,EGY,2
465,Egypt,1952,EGY,3
480,El Salvador,1969,SLV,0
484,Eritrea,1998,ERI,1
486,Eritrea,2000,ERI,3
610,France,1946,FRA,0
629,Grenada,1983,GRD,0
808,Guatemala,2011,GTM,1
192,Guatemala,2008,GTM,1
722,Guinea,1996,GIN,0
640,Guinea,1998,GIN,1
641,Guinea,1999,GIN,2
682,Honduras,1957,HND,0
683,Hungary,1956,HUN,0
920,Indonesia,1963,IDN,5
921,Indonesia,1964,IDN,5
923,Indonesia,1966,IDN,5
924,Indonesia,1962,IDN,4
430,Iraq,1998,IRQ,5
1109,Israel,1948,ISR,1
223,Kenya,2004,KEN,3
218,Lebanon,2011,LBN,2
605,Liberia,1991,LBR,2
430,Mali,1997,MLI,2
1220,Mauritania,1957,MRT,0
1221,Mauritania,1958,MRT,1
49,Mauritania,1989,MRT,0
697,Mexico,1995,MEX,2
168,Namibia,1989,NAM,0
618,Senegal,1989,SEN,0
345,Bangladesh,2015,BGD,1
697,Canada,1995,CAN,0
797,Chad,2014,TCD,2
490,Djibouti,1995,DJI,4
1109,Egypt,1948,EGY,0
1110,Egypt,1949,EGY,1
421,Eritrea,2008,ERI,1
345,France,2015,FRA,0
459,France,1956,FRA,0
480,Honduras,1969,HND,0
1109,Iraq,1948,IRQ,0
1110,Iraq,1949,IRQ,1
207,Jordan,1992,JOR,0
335,Jordan,2005,JOR,0
1109,Jordan,1948,JOR,0
1110,Jordan,1949,JOR,1
1111,Jordan,1967,JOR,0
345,Kuwait,2015,KWT,0
205,Kuwait,1990,KWT,0
211,Kuwait,1996,KWT,1
1034,Kuwait,1991,KWT,1
1109,Lebanon,1948,LBN,0
1110,Lebanon,1949,LBN,1
227,Lebanon,2006,LBN,0
312,Libya,1987,LBY,0
194,Mali,1985,MLI,0
656,Mauritania,2009,MRT,0
91,Morocco,1963,MAR,1
1220,Morocco,1957,MAR,4
1221,Morocco,1958,MAR,5
243,Myanmar,1991,MMR,5
244,Myanmar,1992,MMR,5
245,Myanmar,1994,MMR,5
247,Myanmar,1996,MMR,5
249,Myanmar,1998,MMR,5
251,Myanmar,2000,MMR,5
250,Myanmar,1999,MMR,5
326,Myanmar,1969,MMR,5
667,Namibia,1994,NAM,1
673,Namibia,2002,NAM,1
671,Namibia,2000,NAM,0
406,Nepal,1991,NPL,0
924,Netherlands,1962,NLD,0
682,Nicaragua,1957,NIC,0
313,Nigeria,1983,NGA,0
379,Pakistan,2005,PAK,5
854,Pakistan,1948,PAK,0
855,Pakistan,1964,PAK,0
856,Pakistan,1965,PAK,1
858,Pakistan,1984,PAK,0
859,Pakistan,1987,PAK,1
862,Pakistan,1991,PAK,3
868,Pakistan,2000,PAK,5
869,Pakistan,2001,PAK,5
870,Pakistan,2002,PAK,5
144,Rwanda,1995,RWA,5
345,Saudi Arabia,2015,SAU,0
858,Serbia,1992,SRB,1
861,Serbia,1995,SRB,2
611,Sierra Leone,2002,SLE,5
604,Somalia,1964,SOM,0
605,Somalia,1977,SOM,0
606,Somalia,1978,SOM,1
607,Somalia,1980,SOM,2
168,Swaziland,1989,SWZ,0
328,Taiwan,1949,TWN,0
329,Taiwan,1950,TWN,1
330,Taiwan,1954,TWN,2
331,Taiwan,1958,TWN,1
250,Thailand,1999,THA,3
610,Thailand,1946,THA,0
1149,Thailand,1986,THA,2
1150,Thailand,1987,THA,2
1151,Thailand,1988,THA,2
246,Thailand,1995,THA,1
248,Thailand,1997,THA,2
436,Thailand,1991,THA,3
840,Thailand,1996,THA,2
345,Tunisia,2015,TUN,0
611,Tunisia,1961,TUN,1
415,Turkey,1974,TUR,0
2046,Uganda,1978,UGA,1
345,Yemen,2015,YEM,5
1935,Yemen,1972,YEM,4
1936,Yemen,1979,YEM,0
671,Zambia,2000,ZMB,0
107,Zambia,1993,ZMB,2
600,Zambia,1989,ZMB,0
601,Zambia,1990,ZMB,1
600,Zimbabwe,1989,ZWE,0
601,Zimbabwe,1990,ZWE,1
282,Cambodia,1993,KHM,5
354,Cambodia,1990,KHM,5
355,Cambodia,1991,KHM,5
356,Cambodia,1992,KHM,5
358,Cambodia,1994,KHM,5
359,Cambodia,1995,KHM,5
360,Cambodia,1996,KHM,5
361,Cambodia,1998,KHM,5
213,Cambodia,1946,KHM,0
214,Cambodia,1947,KHM,1
215,Cambodia,1948,KHM,2
216,Cambodia,1949,KHM,3
217,Cambodia,1950,KHM,4
218,Cambodia,1951,KHM,5
219,Cambodia,1952,KHM,5
220,Cambodia,1953,KHM,5
221,Cambodia,1967,KHM,0
222,Cambodia,1968,KHM,1
223,Cambodia,1969,KHM,2
224,Cambodia,1970,KHM,3
225,Cambodia,1971,KHM,4
226,Cambodia,1972,KHM,5
227,Cambodia,1973,KHM,5
228,Cambodia,1974,KHM,5
229,Cambodia,1975,KHM,5
230,Cambodia,1978,KHM,5
231,Cambodia,1979,KHM,5
232,Cambodia,1980,KHM,5
233,Cambodia,1981,KHM,5
234,Cambodia,1982,KHM,5
235,Cambodia,1983,KHM,5
236,Cambodia,1984,KHM,5
237,Cambodia,1985,KHM,5
238,Cambodia,1986,KHM,5
239,Cambodia,1987,KHM,5
240,Cambodia,1988,KHM,5
241,Cambodia,1989,KHM,5
249,Cambodia,1997,KHM,5
251,Cambodia,1977,KHM,5
253,Cambodia,2011,KHM,0
255,Cambodia,1976,KHM,5
173,Madagascar,2009,MDG,0
1177,Madagascar,1947,MDG,0
1178,Madagascar,1971,MDG,0
617,Madagascar,2002,MDG,0
252,Myanmar,2001,MMR,5
253,Myanmar,2002,MMR,5
254,Myanmar,2003,MMR,5
255,Myanmar,2004,MMR,5
256,Myanmar,2005,MMR,5
257,Myanmar,2006,MMR,5
258,Myanmar,2007,MMR,5
259,Myanmar,2008,MMR,5
260,Myanmar,2010,MMR,5
261,Myanmar,2011,MMR,5
262,Myanmar,2012,MMR,5
263,Myanmar,2013,MMR,5
264,Myanmar,2014,MMR,5
265,Myanmar,2015,MMR,5
1275,Myanmar,1949,MMR,1
1276,Myanmar,1950,MMR,2
1277,Myanmar,1951,MMR,3
1278,Myanmar,1952,MMR,4
1279,Myanmar,1953,MMR,5
1280,Myanmar,1954,MMR,5
1281,Myanmar,1955,MMR,5
1282,Myanmar,1956,MMR,5
1283,Myanmar,1957,MMR,5
1284,Myanmar,1958,MMR,5
1285,Myanmar,1959,MMR,5
1286,Myanmar,1960,MMR,5
1287,Myanmar,1961,MMR,5
1288,Myanmar,1962,MMR,5
1289,Myanmar,1963,MMR,5
1290,Myanmar,1964,MMR,5
1291,Myanmar,1965,MMR,5
1292,Myanmar,1966,MMR,5
1293,Myanmar,1967,MMR,5
1294,Myanmar,1968,MMR,5
1296,Myanmar,1970,MMR,5
1297,Myanmar,1971,MMR,5
1298,Myanmar,1972,MMR,5
1299,Myanmar,1973,MMR,5
1300,Myanmar,1974,MMR,5
1301,Myanmar,1975,MMR,5
1302,Myanmar,1976,MMR,5
1303,Myanmar,1977,MMR,5
1304,Myanmar,1978,MMR,5
1305,Myanmar,1979,MMR,5
1306,Myanmar,1980,MMR,5
1307,Myanmar,1981,MMR,5
1308,Myanmar,1982,MMR,5
1309,Myanmar,1983,MMR,5
1310,Myanmar,1984,MMR,5
1311,Myanmar,1985,MMR,5
1312,Myanmar,1986,MMR,5
1313,Myanmar,1987,MMR,5
1314,Myanmar,1988,MMR,5
1315,Myanmar,1948,MMR,0
1469,Myanmar,1989,MMR,5
1470,Myanmar,1990,MMR,5
1474,Myanmar,1995,MMR,5
1475,Myanmar,1997,MMR,5
1491,Myanmar,1993,MMR,5
1510,Myanmar,2009,MMR,5
32,Serbia,1998,SRB,1
33,Serbia,1999,SRB,2
1831,Serbia,1991,SRB,0
228,Yemen,2011,YEM,2
2193,Yemen,1948,YEM,0
2194,Yemen,1962,YEM,0
2195,Yemen,1963,YEM,1
2196,Yemen,1964,YEM,2
2197,Yemen,1965,YEM,3
2198,Yemen,1966,YEM,4
2199,Yemen,1967,YEM,5
2200,Yemen,1968,YEM,5
2201,Yemen,1969,YEM,5
2202,Yemen,1970,YEM,5
2204,Yemen,1980,YEM,1
2205,Yemen,1981,YEM,2
2206,Yemen,1982,YEM,3
2207,Yemen,1994,YEM,0
2208,Yemen,2009,YEM,1
2209,Yemen,2010,YEM,1
2211,Yemen,2012,YEM,3
2212,Yemen,2013,YEM,4
2213,Yemen,2014,YEM,5
132,Yemen,2004,YEM,0
167,Zimbabwe,2008,ZWE,0
2216,Zimbabwe,1967,ZWE,0
2217,Zimbabwe,1968,ZWE,1
2218,Zimbabwe,1973,ZWE,1
2219,Zimbabwe,1974,ZWE,1
2220,Zimbabwe,1975,ZWE,2
2221,Zimbabwe,1976,ZWE,3
2222,Zimbabwe,1977,ZWE,4
2223,Zimbabwe,1978,ZWE,5
2224,Zimbabwe,1979,ZWE,5
